title,polarity
"à¤­à¤¾à¤° à¤®à¥‡ à¤ªà¤¿à¤›à¤² 24 à¤˜à¤‚à¤Ÿà¥‹ à¤®à¥‡ #COVID19 à¤• 44,059 à¤¨ à¤®à¤¾à¤®à¤² à¤†à¤¨ à¤• à¤¬à¤¾ à¤•à¥ à¤®à¤¾à¤®à¤²à¥‹ à¤• à¤¸à¤‚à¤–à¥à¤¯ 91,39,866 à¤¹à¥à¤ˆ 511 à¤¨ à¤®à¥Œà¤¤à¥‹ à¤• à¤¬à¤¾ à¤•à¥ à¤®à¥Œà¤¤à¥‹ à¤• à¤¸à¤‚à¤–à¥à¤¯ 1,33,738 à¤¹à¥à¤ˆà¥¤ à¤•à¥ à¤¸à¤•à¥à¤°à¤¿ à¤®à¤¾à¤®à¤² 4,43,486 à¤¹ à¤— à¤¹à¥ˆ 41,024 à¤¨ à¤¡à¤¿à¤¸à¥à¤šà¤¾à¤°à¥ à¤®à¤¾à¤®à¤²à¥‹ à¤• à¤¬à¤¾ à¤•à¥ à¤ à¥€ à¤¹à¥ à¤®à¤¾à¤®à¤²à¥‹ à¤• à¤¸à¤‚à¤–à¥à¤¯ 85,62,642 à¤¹à¥à¤ˆ https://t.co/50UVkLQkiF",neu
RT As quienes tratan de contener #COVID19 con tapetes sanitizantes tomas de temperatura en las manos y cubrebocas en laâ€¦,neu
RT àª•à«‹àª°à«‹àª¨ àª•àª¾àª³àª®àª¾ àª—àª§à«‡àª¡àª¾àª“àª¨ àª–àª¾ àª¸àª¾àª‚àª­àª³àªœà«‹... #COVID19,neu
#COVID1984 #COVID19 #COVID #coronavirus #CoronaVirusUpdates #Corona #SARSCoV2 #SARS_CoV_2,neu
"RT #NY #COVID19 ""The state and city are counting Antigen tests as positives if we didn't we'd be leaving hundreds of thousandsâ€¦",neu
RT El problema para controlar al #COVID19 es que a pesar d tener un antÃ­doto como el dioxido de cloro el 99 de nuestros mÃ©diâ€¦,neu
RT [#COVID19 Un numÃ©ro vert est votre disposition 24h/24 et 7j/7 : 0 800 130 000. Plus d'informations sur,neu
RT Remember Tim Wilson The Victorian MP who relentlessly attacked Dan Andrews over #COVID19 lock down Well now he wants your #sâ€¦,pos
Just in case wait to vaccine healthy health workers. If something goes wrong we might end up in a very big trouble #COVID19 _tx #America,neg
RT More people are testing positive for #COVID19 in South Dakota than are testing negative. And the Governor is doing NOTHINGâ€¦,pos
RT Remember Tim Wilson The Victorian MP who relentlessly attacked Dan Andrews over #COVID19 lock down Well now he wants your #sâ€¦,pos
RT #MyBodyMyChoice only applies when you're the only party affected but when it comes to #masks during the #COVID19 #pandemicâ€¦,neu
"RT Let this sink in: Ben Carson Trumpâ€™s HUD Secretary was â€œextremely sick w #COVID19 and became ""desperately illâ€ â¡ï¸â€¦",neg
RT So evil And he admitted the purpose of releasing #COVID19 #CCPVirus we can catch up with the #US ahead of time we canâ€¦,neg
RT _satyarthi Governments allocated over $8 trillion to save businesses &amp rich economies during #COVID19 but only 0.13 went to those mâ€¦,pos
RT Disgusting Selfish Ignorant #COVID19 #coronavirus,neg
RT #COVIDIOTS #COVID19 #cdnpoli,neu
RT ğ—¦ğ—¶ğ—®ğ—½ğ—®ğ—¸ğ—® ğ˜†ğ—®ğ—» ğ˜ğ—¶ğ—±ğ—® ğ—½ğ—²ğ—¿ğ—¹ ğ—ºğ—²ğ—ºğ—¯ğ—®ğ˜†ğ—® ğ˜‚ğ—·ğ—¶ğ—® ğ—½ğ—²ğ—»ğ—´ğ—²ğ˜€ğ—®ğ—»ğ—®ğ—» #COVID19 ğ—± ğ—³ğ—®ğ˜€ğ—¶ğ—¹ğ—¶ğ˜ ğ—¸ğ—²ğ—¿ğ—®ğ—·ğ—®ğ—®ğ—»? 1 Penjawat awam yang menjalankan tugâ€¦,neu
#BSF à¤¨ à¤ªà¤¹à¤² à¤¬à¤¾ à¤•à¥à¤ªà¤µà¤¾à¤° à¤œà¤¿à¤² à¤• à¤¤à¤‚à¤—à¤§à¤¾ à¤œà¤¿à¤² à¤®à¥‡ à¤®à¤²à¥à¤Ÿ à¤¸à¥à¤ªà¥‡à¤¶à¥‡à¤²à¤¿à¤Ÿ à¤®à¥‡à¤¡à¤¿à¤• à¤•à¥ˆà¤‚ à¤²à¤—à¤¾à¤¯à¤¾à¥¤ #CovidVaccine #COVID19 #Coronavirus https://t.co/Wqi5gXRr3b,neu
#COVID19,neu
Ú©Ú† Ø­ØµÙˆ Ù…ÛŒ Ú©ÙˆØ±ÙˆÙ† ÙˆØ§Ø¦Ø± Ù…ÛŒ Ø¬ Ù…ÛŒÙˆÙ¹ÛŒØ´ ÛÙˆØ¦ Û Ø§ Ú© Ø¨Ø¹ ÛŒ Ù…ÛÙ„ ÙˆØ§Ø¦Ø± Ø¨Ú†Ùˆ Ú©ÛŒÙ„Ø¦ Ø¨Ú¾ Ø®Ø·Ø± Ø¨ Ú¯ÛŒØ§ #GNN #GNNupdates #COVID19 #CoronaVirusUpdates #Coronaviruspakistan,neu
RT _Garrett All over NYC yesterday via bike I saw huge blocks-long lines for #COVID19 tests I hope the folks realize a negative tâ€¦,pos
RT The threat of #COVID19 is far from ending All our scientists are making great efforts towards developing a vaccine under tâ€¦,pos
RT _Rajender Media Bulletin on status of positive cases #COVID19 in Telangana (Dated 23.11.2020) #TelanganaFightsCorona #StayHomâ€¦,pos
RT Bailouts and buybacks #COVID19 #fascism no money for Medicare for plenty of money to bailout wall st,neu
ĞĞ»ÑŒĞ³ Ğ’Ğ¸Ğ»Ğ° Ğ’Ğ¸Ğ´ÑÑ‰Ğ° Ğ°Ğ½Ğ³ĞµĞ»Ğ¾Ğ² Ğ§Ğ¸Ñ‚Ğ°Ñ‚ Ğ½ Ğ›Ğ¸Ñ‚Ğ¼Ğ°Ñ€ĞºĞµ https://t.co/vlRwitzV1c #Ğ¿Ñ€Ğ¸ĞºĞ»ÑÑ‡ĞµĞ½Ğ¸ #Ñ„ÑĞ½Ñ‚ĞµĞ· #Ğ°Ğ´ĞµĞºĞ²Ğ°Ñ‚Ğ½Ğ° Ğ³ĞµÑ€Ğ¾Ğ¸Ğ½Ñ #coronavirus #COVID19 #StayHome #writing #Reading #book #fanart #fantasy,neu
ã‚½ãƒ¼ã‚·ãƒ£ãƒ«ãƒ‡ã‚£ã‚¹ã‚¿ãƒ³ã‚¹ï¼ã‚¼ãƒ­ãƒªã‚¹ã‚¯ã®è½ã¨ã—ç©´ ï½ã‚¢ãƒ™ãƒãƒã‚¹ã‚¯ã§COVID-19ãƒªã‚¹ã‚¯ä½æ¸›ç­–ã‚’è€ƒãˆã‚ˆã†ï¼ï½ #COVID19 #æ–°å‹ã‚³ãƒ­ãƒŠã‚¦ã‚¤ãƒ«ã‚¹ #Masks4All #å¸ƒãƒã‚¹ã‚¯ https://t.co/WzPpZvwb9g,neu
Fermeture du collÃ¨ge de #Juniville rdv dans le 7h30 avec lâ€™IADASEN pour faire le point sur la situation en lien avec la crise #COVID19 #info #proximite,neu
had the idea last year to be somewhere in South Amercia on 14 dec 2020 to see the solar eclipse on that day guess i'll have to watch it online instead #COVID19,neu
RT The University of Nebraska Medical Center a leading U.S hospital has been nearly overwhelmed amid surging #COVID19 cases andâ€¦,neu
RT à¤•à¥à¤¯ à¤¦à¥‡à¤¶à¤µà¤¾à¤¸à¤¿à¤¯à¥‹ à¤• #COVID19 à¤• #vaccine à¤²à¤¿ 2700 à¤¦à¥‡à¤¨ à¤ªà¤¡à¤¼à¥‡à¤‚à¤— à¤¯ à¤«à¥à¤° à¤®à¥‡ à¤®à¤¿à¤²à¥‡à¤— à¤µà¥ˆà¤•à¥à¤¸à¥€à¤¨ğŸ¤”,neu
RT ICU Update (community hosp) We are now out of #COVID19 ICU beds... Combination of â€œno more ICU nurses and â€œno more negâ€¦,neg
In any pandemic effective leadership is critical &amp the first responsibility of the head of any nation is to offer accurate &amp up-to-date information provided by public health experts not agenda-oriented political operatives #COVID19,pos
RT _ La prioridad es atender a los enfermos de #COVID19 pero no dejamos de equipar y contratar personal mÃ©dico para ampliarâ€¦,neu
RT Coronavirus pandemicâ€™s third wave threatens to flood Colorado hospitals via #COVID19 #COEâ€¦,neu
#liga788 #hotnews #TrumpIsACriminal #Trending #viral #FYP #TikTok #tantemesum #bacoljilbab #sportsbook #slotonline #deposittanpapulsa #onlineslot #pokeronline #onlinepoker #COVID19,neu
RT #JUSTIN | 3 deaths &amp 602 new #COVID19 cases recorded in #Telangana today Of them 129 recorded in &amp 473 in dâ€¦,pos
RT Ini adalah cara bagaimana vaksin berfungsi di dalam tubuh manusia. #COVID19,neu
RT Conferencia de Prensa #COVID19 22 de noviembre de 2020 #GraciasPorCuidarnos,neu
Sheikh Mohammed bin Rashid Al Maktoum speaking at the closing session of the virtual #G20Summit reiterates the importance of collective global action in addressing #COVID19 #DubaiEyeonOne #DubaiOneTv,pos
RT THIS #Georgia has the opportunity to jumpstart a nationwide #COVID19 relief bill if they elect andâ€¦,pos
RT 4 Now itâ€™s not 100 perfect but comparing nasal PanBio rapid antigen test vs Nasal PCR #COVID19 test: ğŸ“ŒSensitivity 98.1%â€¦,pos
Letâ€™s start the week with a few pro-tips. In #MondayMantra our COVID-hero Dr Ramakrishna Prasad shares few measures effective to avoid the risk of the virus spread in water-playgrounds thus ensuring healthy swimming. Call #projectstepone on 97456 97456 for any #COVID19 support,pos
"RT Statistik terkini kematian #COVID19 di Malaysia sehingga 22 Nov 2020 Kadar kematian ialah 0.6 atau bersamaan 1,000 orâ€¦",neu
01 each from Polonnaruwa Puttalam Rathnapura Kegalle Matale Trincomalee Monaragala 09 Arrivals 92 Others #lka #COVID19SL #COVID19LK #COVID19 #SriLanka,neu
#FightBack #COVID19 #wewillnotcomply #getoutside #getout #stopthesteal,neu
RT _campu Perd la nariz mientras no pierda el olfato todo bien ğŸ‘ğŸ¼ğŸ˜Š No bajemos la guardia ante el #COVID19,neu
RT #ÃšLTIMAHORA En las Ãºltimas 24 horas MÃ©xico sum 9 mil 187 casos nuevos y 303 muertes por #COVID19 para un total de 101 miâ€¦,neu
RT #COVID19 à¤–à¤¤à¤° à¤…à¤­ à¤Ÿà¤² à¤¨à¤¹à¥€ à¤¹à¥ˆ à¤•à¥‹à¤°à¥‹à¤¨ à¤¸à¤‚à¤•à¥à¤°à¤® à¤• à¤«à¥ˆà¤²à¤¨ à¤¸ à¤°à¥‹à¤•à¤¨ à¤¹ à¤¸à¤­ à¤• à¤œà¤¿à¤®à¥à¤®à¥‡à¤¦à¤¾à¤° à¤¹ à¤‡à¤¸à¤²à¤¿ 2 à¤— à¤• à¤¦à¥‚à¤° à¤°à¤–à¤¨à¥‡ à¤®à¤¾à¤¸à¥à¤•â€¦,neu
RT _Garrett All over NYC yesterday via bike I saw huge blocks-long lines for #COVID19 tests I hope the folks realize a negative tâ€¦,pos
#COVID19 #coronavirus #CoronaVirusUpdates #COVID19India Covid-19 à¤¦à¥à¤¨à¤¿à¤¯à¤¾à¤­ à¤®à¥‡ à¤•à¥‹à¤°à¥‹à¤¨ à¤¸à¤‚à¤•à¥à¤°à¤®à¤¿à¤¤à¥‹ à¤• à¤¸à¤‚à¤–à¥à¤¯ 5.85 à¤•à¤°à¥‹à¤¡ à¤• à¤ªà¤¾ https://t.co/MXZzgcu6bO,neu
"How can anyone pardon a 250,000 Americans murderer should demand that #Trump first resurrects each and every one of the 250K #COVID19 victims get 250K pardons then maybe theyâ€™d have a long discussion on changing the death sentence to a life sentence.",pos
Two doctors weigh in on defeating the pandemic right now... #RapidTesting #COVID19,pos
"RT NCDC confirms 155 new COVID-19 cases as total recoveries exceed 62,000 TheCable #COVID19 https:/â€¦",pos
"RT _Covid19 [#COVID19 Taux d'incidence en #NouvelleAquitaine au 22/11] ğŸ“ŒTaux d'incidence en Nouvelle-Aquitaine 129,8 (â†˜ï¸) ğŸŸ Seuil de vâ€¦",neu
"RT Statistik terkini kematian #COVID19 di Malaysia sehingga 22 Nov 2020 Kadar kematian ialah 0.6 atau bersamaan 1,000 orâ€¦",neu
"RT Al 22 de noviembre de 2020 hay 1,041,875 casos confirmados #COVID19 Se han registrado 1,267,962 negativos 101,676 defuncionâ€¦",neu
RT Global economic growth disrupted by #COVID19 pandemic Itâ€™s time to protect nature not destroy it Does the E40 waterwayâ€¦,pos
Fokus Penyampaian Maklumat : Kempen Putuskan Rantaian COVID-19 Pelaksanaan Perintah Kawalan Pergerakan Bersyarat (PKPB) Intipati Belanjawan 2021 (Kesejahteraan Rakyat) #IOW #KomunikasiKita #PKPB #JanganLekaDanAlpa #KitaJagaKita #KitaMestiMenang #NormaBaharu #COVID19,neu
In Amerika haben Ã¤hnlich demokratische und menschenliebende Personen neben Kritiker in Lager zu konzentrieren auch nach ErschieÃŸungskommandos geschrieen #Corona #COVID19,neu
Warning Cuteness overload ğŸ˜·ğŸ˜‡ #COVID19 #MasksSaveLives https://t.co/j2Z8XkLU2d,neu
RT Contacts of those who are diagnosed with #COVID19 may no longer have to isolate under new plans announced by the government htâ€¦,pos
RT #COVID19 Si solo leÃ©is y retwitteÃ¡is un artÃ­culo hoy que sea este https://t.co/sKrifppn8l,neu
Listening to Prem Rawat talk about what's going on He likened wearing #Masks to a diaper He said we never liked them when we were babies but they kept nasty stuff from getting on others SO true No we don't like #mask but that's the diaper we need now! #COVID19 #growup,neg
NÃ¤m yÃ¶kahvilat (yÃ¶kerhot ilman alkoholitarjoiulua osoittaa jÃ¤lleen kerran ett yrittÃ¤jilt on turha odottaa mitÃ¤Ã¤n vastuunottoa He ottavat vastuuta vain pakolla #COVID19 #koronafi #koronaepidemia #yrittÃ¤jÃ¤t #paskayrittÃ¤jÃ¤t #vastuu,neu
C'est franÃ§ais social et Ã©cologique ! #COVID19france #COVIDãƒ¼19 #COVID19 https://t.co/Ux9GZCqm5n,pos
If this is true perhaps we or CNN would also know the hotspots so the Government did not have to lock down everyone and could actually help those whom needs the most help #COVID19 #Lockdown2 #lockdown #CNN,pos
à¤† à¤°à¥‹ à¤ªà¥à¤°à¤¤à¤¿à¤°à¥‹à¤§ à¤•à¥à¤·à¤®à¤¤ à¤¬à¤¢à¤¼à¤¾à¤• à¤­ #COVID19 à¤¸à¤‚à¤•à¥à¤°à¤® à¤¸ à¤…à¤ªà¤¨ à¤¸à¥à¤°à¤•à¥à¤· à¤• à¤¸à¤•à¤¤ à¤¹à¥ˆà¤‚ à¤‡à¤¸à¤• à¤²à¤¿ à¤ªà¥‹à¤· à¤¤à¤¤à¥à¤µà¥‹ à¤¸ à¤¯à¥à¤•à¥ à¤†à¤¹à¤¾ à¤²à¥‡à¤‚ à¤¨à¤¿à¤¯à¤®à¤¿ à¤µà¥à¤¯à¤¾à¤¯à¤¾ à¤•à¤°à¥‡à¤‚ à¤¸à¤‚à¤¤à¥à¤²à¤¿ à¤¦à¤¿à¤¨à¤šà¤°à¥à¤¯ à¤°à¤–à¥‡à¤‚ à¤ªà¤°à¥à¤¯à¤¾à¤ªà¥ à¤¨à¥€à¤‚ à¤²à¥‡ à¤” à¤¤à¤¨à¤¾à¤µà¤®à¥à¤•à¥ à¤°à¤¹à¥‡à¤‚à¥¤ #à¤¸à¤¾à¤µà¤§à¤¾à¤¨à¥€_à¤®à¥‡à¤‚_à¤¹à¥€_à¤¸à¥à¤°à¤•à¥à¤·à¤¾ #Unite2FightCorona #JansamparkMP,neu
RT _trump How totally corrupt dishonest &amp cowardly are More 9 have had #COVID19 whereas only 4â€¦,neg
RT Siamo in pandemia ma il problema sono le ONG I fascisti come sempre 0 argomenti #COVID19 #facciamorete,neu
Ni la familia michoanana ni los templarios ni un avionaso o Alfredo Castillo ni mucho menos la CÃ¡rcel tubo que ser el #COVID19 contra quien #Mireles perdi la batalla al parecer esta conectado a un respirador artificial. #Michoacan,neg
In #Indianapolis #COVID19 : https://t.co/yq97AX35B1,neu
The health condition of former Assam Chief Minister _gogoi deteriorated on Monday morning and he is 'very very critical' doctors said. #COVID19 https://t.co/pvgX22E1ic,neu
A question we all should be asking ğŸ¤” #WuhanCoronavirus #wuflu #COVID19 #covid #CoronaVaccine #coronavirus #corona,neu
#COVID19 à¤–à¤¤à¤° à¤…à¤­ à¤Ÿà¤² à¤¨à¤¹à¥€ à¤¹à¥ˆ à¤•à¥‹à¤°à¥‹à¤¨ à¤¸à¤‚à¤•à¥à¤°à¤® à¤• à¤«à¥ˆà¤²à¤¨ à¤¸ à¤°à¥‹à¤•à¤¨ à¤¹ à¤¸à¤­ à¤• à¤œà¤¿à¤®à¥à¤®à¥‡à¤¦à¤¾à¤° à¤¹ à¤‡à¤¸à¤²à¤¿ 2 à¤— à¤• à¤¦à¥‚à¤° à¤°à¤–à¤¨à¥‡ à¤®à¤¾à¤¸à¥ à¤ªà¤¹à¤¨à¤¨à¥‡ à¤¨à¤¿à¤¯à¤®à¤¿ à¤…à¤‚à¤¤à¤°à¤¾ à¤®à¥‡ à¤¹à¤¾ à¤¸à¤¾ à¤•à¤°à¤¨ à¤œà¥ˆà¤¸ à¤¸à¤­ à¤†à¤µà¤¶à¥à¤¯ à¤¸à¥à¤°à¤•à¥à¤· à¤‰à¤ªà¤¾ à¤œà¤°à¥‚ à¤…à¤ªà¤¨à¤¾à¤à¤‚à¥¤ #à¤¸à¤¾à¤µà¤§à¤¾à¤¨à¥€_à¤®à¥‡à¤‚_à¤¹à¥€_à¤¸à¥à¤°à¤•à¥à¤·à¤¾ #Unite2FightCorona #JansamparkMP,neu
â˜¹ #COVID19,neu
RT Studie p 10 millioner mennesker viser at folk uden symptomer ikke smitter #COVID19,neu
SG à¤¨ à¤•à¤¹ à¤• à¤¯ à¤•à¥‡à¤‚à¤¦à¥ à¤” à¤¦à¤¿à¤²à¥à¤² à¤• à¤¬à¥€ à¤• à¤®à¤¾à¤®à¤² à¤¨à¤¹ à¤¹à¥ˆà¤‚ 15 à¤¨à¤µà¤‚à¤¬ à¤• à¤—à¥ƒ à¤®à¤‚à¤¤à¥à¤° à¤¨ à¤•à¥ à¤¨à¤¿à¤°à¥à¤¦à¥‡ à¤” à¤•à¤¦ à¤‰à¤ à¤¾ à¤¹ à¤²à¥‡à¤•à¤¿ à¤¦à¤¿à¤²à¥à¤² à¤¸à¤°à¤•à¤¾ à¤” à¤•à¤¾ à¤•à¤°à¤¨ à¤• à¤œà¤¼à¤°à¥‚à¤° à¤¹ #SupremeCourt #COVID19 #CoronaVirusUpdates,neu
RT 60 of the patients Iâ€™ve seen in the ED tonight are sick with #COVID19 in a town with a population less than 10k,neg
RT https://t.co/apcvkN2BYS #CarrefourLoPetaConPS5 #COVID19 #Covid_19 #DonaldTrump #JoeBiden,neu
"Sharp incline in #COVID cases corresponds to the coming of 2nd wave In July 2020,Qasim saw that #COVID19 cases will rise again in September. A video on correlation of COVID-19 trends in US #Europe #Africa #India &amp #Pakistan to _3's dream https://t.co/80JeuyHLi8",neg
Buenos dÃ­as Estas son las Ãºltimas noticias del #COVID19 en otros paÃ­ses: ğŸ‡­ #HongKong Planea volver a imponer restricciones. ğŸ‡§ #Brasil Supera los 169k ğŸ‡¨ #Colombia 8000 diarios ğŸ‡µ #Peru se aproxima a los 950k casos ğŸ‡² #Mexico 9000 en un dÃ­a,neu
Es increible Joaquin que ven y no ven y lo peor Ya viene Navidad.. Yo prefiero cocinar rico a pasarla en un velorio Fin #Mexico #COVID19 #LopezAsesino #GatellAsesino #OMS #ONU,neu
RT _battle Aise hi kuch scheme #COVID19 ke liye bhi introduce karo Janab #DelhiCollapsing,neu
â€œAmerica is letting Coronavirus rage through prisons...? Excuse you NYTâ€™s donâ€™t you mean the tRUMP-monster dirty Bill Barr and fellow â€œPRO-life are allowing #COVID19 to ravage America &amp Americans #TrumpMustGo #MondayMorning,neg
"SACRAMENTO The California Department of Public Health (CDPH today announced the most recent statistics on #COVID19 . #California has 1,102,033 confirmed cases to date Numbers may not represent true day-over-day change as reporting of test results can be delayed. ...",pos
Delhi Government busy in doing Pooja and Aarti when People of Delhi are dying #COVID19 #DelhiCollapsing Such a Shameless Government https://t.co/jRmwNr4wfM,pos
What is the main reason for decrease in #COVID19 in #Pakistan 29/7/20 Qasim told #ImranKhan the reasons in his dream. ğŸ‘‡ https://t.co/gpgRcjy7Rc #ImranKhanMustMeetQasim #BLACKPINK #Fajr #AMAs2020 #Dynamite #AMAsTNT https://t.co/iyJX50oVDa,pos
RT _NISHTHA Join the 'Jan Andolan campaign launched by Hon'ble Prime Minister against #COVID19 by practicing #COVID19 appropriate bâ€¦,pos
"à¤¹ à¤¬à¤¾ à¤¬à¤¾ à¤ª à¤¸à¤°à¤•à¤¾ à¤• à¤¦à¥‹ à¤¦à¥‡à¤¤ à¤¹à¥ˆà¤‚ à¤¸à¤°à¤•à¤¾ à¤šà¤¿à¤²à¥à¤² à¤šà¤¿à¤²à¥à¤² à¤• à¤•à¤¹ à¤°à¤¹ à¤¹à¥ˆ,à¤¸à¤¾à¤° à¤‰à¤ªà¤¯à¥à¤•à¥ à¤•à¤¦ à¤­ à¤‰à¤  à¤°à¤¹ à¤¹à¥ˆà¥¤à¤ª à¤®à¤¾ à¤•à¥Œ à¤°à¤¹ à¤¹à¥ˆ à¤‡à¤¤à¤¨ à¤¸à¤‚à¤•à¥à¤°à¤® à¤«à¥ˆà¤²à¤¨ à¤• à¤¬à¤¾à¤µà¤œà¥‚ à¤¨ à¤¤ à¤œà¤¨à¤¤ à¤ªà¤¾à¤²à¤¨ à¤• à¤°à¤¹ à¤¹à¥ˆ à¤” à¤…à¤ªà¤¨à¥‹ à¤• à¤–à¥‹à¤¨ à¤• à¤¬à¤¾ à¤‰à¤¸ à¤¸à¤°à¤•à¤¾ à¤• à¤•à¥‹ à¤°à¤¹ à¤¹à¥ˆ à¤§à¤¨à¥ à¤¹à¥‹l #COVID19 #Rajasthan #Govt #India #Covaxin",neu
"RT Let this sink in: Ben Carson Trumpâ€™s HUD Secretary was â€œextremely sick w #COVID19 and became ""desperately illâ€ â¡ï¸â€¦",neg
While #COVID19 is still a priority #ClimateChange is not slowing down How are our scientists addressing challenges imposed by the #pandemic? Read more about #CLIMAFRI project &amp how research continues in times of COVID-19 in #Togo ğŸ‡¹ &amp #Benin ğŸ‡§ğŸ‡¯ https://t.co/29f0go19sG,pos
à¤† à¤°à¥‹ à¤ªà¥à¤°à¤¤à¤¿à¤°à¥‹à¤§ à¤•à¥à¤·à¤®à¤¤ à¤¬à¤¢à¤¼à¤¾à¤• à¤­ #COVID19 à¤¸à¤‚à¤•à¥à¤°à¤® à¤¸ à¤…à¤ªà¤¨ à¤¸à¥à¤°à¤•à¥à¤· à¤• à¤¸à¤•à¤¤ à¤¹à¥ˆà¤‚ à¤‡à¤¸à¤• à¤²à¤¿ à¤ªà¥‹à¤· à¤¤à¤¤à¥à¤µà¥‹ à¤¸ à¤¯à¥à¤•à¥ à¤†à¤¹à¤¾ à¤²à¥‡à¤‚ à¤¨à¤¿à¤¯à¤®à¤¿ à¤µà¥à¤¯à¤¾à¤¯à¤¾ à¤•à¤°à¥‡à¤‚ à¤¸à¤‚à¤¤à¥à¤²à¤¿ à¤¦à¤¿à¤¨à¤šà¤°à¥à¤¯ à¤°à¤–à¥‡à¤‚ à¤ªà¤°à¥à¤¯à¤¾à¤ªà¥ à¤¨à¥€à¤‚ à¤²à¥‡ à¤” à¤¤à¤¨à¤¾à¤µà¤®à¥à¤•à¥ à¤°à¤¹à¥‡à¤‚à¥¤ #à¤¸à¤¾à¤µà¤§à¤¾à¤¨à¥€_à¤®à¥‡à¤‚_à¤¹à¥€_à¤¸à¥à¤°à¤•à¥à¤·à¤¾ #Unite2FightCorona #JansamparkMP,neu
"RT ""The lack of a national plan has been devastating to all of the states. #8NN #COVID19",neg
Another interesting video from the channelğŸ‘ â€œWeâ€™ve been through pandemics before .. I want to explore what those previous pandemics can teach us about what weâ€™re going through now &amp what might be coming next Dan Snow #historyteacher #COVID19,pos
"RT _3 Sharp incline in #COVID cases corresponds to the coming of 2nd wave In July 2020,Qasim saw that #COVID19 cases will rise agâ€¦",neg
#Corona #Coronavirus #maskeauf #COVID19 #covid #wochenstart #gutenmorgen #montag #USA Sehr interessant. Zum Kaffee unbedingt anhÃ¶ren https://t.co/fA0qx2j4Ut,neu
RT 2 Dr speaking in detail about #COVID19 the #pandemic &amp the #government response to it. 1 Pfizer CSO anâ€¦,neu
RT https://t.co/apcvkN2BYS #CarrefourLoPetaConPS5 #COVID19 #Covid_19 #DonaldTrump #JoeBiden,neu
"RT Today marks an important milestone in the fight against #COVID19 Interim data show the #OxfordVaccine is 70.4 effective,â€¦",pos
Ğ£ĞºÑ€Ğ°Ñ—Ğ½ ÑÑ‚Ğ°Ğ½Ğ¾ Ğ½ 23 Ğ»Ğ¸ÑÑ‚Ğ¾Ğ¿Ğ°Ğ´ 2020 Ñ€Ğ¾Ğº Ğ·Ğ°Ñ„Ñ–ĞºÑĞ¾Ğ²Ğ°Ğ½ 10 945 Ğ½Ğ¾Ğ²Ğ¸ Ğ²Ğ¸Ğ¿Ğ°Ğ´ĞºÑ– ĞºĞ¾Ñ€Ğ¾Ğ½Ğ°Ğ²Ñ–Ñ€ÑƒÑĞ½Ğ¾ Ñ…Ğ²Ğ¾Ñ€Ğ¾Ğ± #COVID19 Ğ—Ğ¾ĞºÑ€ĞµĞ¼Ğ° Ğ·Ğ°Ñ…Ğ²Ğ¾Ñ€Ñ–Ğ» 491 Ğ´Ğ¸Ñ‚Ğ¸Ğ½ Ñ‚ 447 Ğ¼ĞµĞ´Ğ¿Ñ€Ğ°Ñ†Ñ–Ğ²Ğ½Ğ¸ĞºÑ–Ğ². Ğ¢Ğ°ĞºĞ¾ Ğ· Ğ¼Ğ¸Ğ½ÑƒĞ» Ğ´Ğ¾Ğ± Ğ³Ğ¾ÑĞ¿Ñ–Ñ‚Ğ°Ğ»Ñ–Ğ·Ğ¾Ğ²Ğ°Ğ½ 1165 Ğ¾ÑÑ–Ğ± Ğ»ĞµÑ‚Ğ°Ğ»ÑŒĞ½Ğ¸ Ğ²Ğ¸Ğ¿Ğ°Ğ´ĞºÑ– 124 Ğ¾Ğ´ÑƒĞ¶Ğ°Ğ» 4143 Ğ¾ÑĞ¾Ğ±Ğ¸. Ğ’ÑÑŒĞ¾Ğ³ Ğ¿Ğ¾Ğ¼ĞµÑ€Ğ»Ğ¸ 11 075 https://t.co/uvVaTCn1eR,neu
#preguntas #random #COVID19 #ayuda en el ambulatorio hay zona de urgencias o solo es en el hospital #memuero,neg
RT ALERT #COVID19 cases are rapidly rising across the U.S As we begin to spend more time indoors closer together the virus canâ€¦,pos
#COVID19 OS ESPERAMOS MAÃ‘ANA AVISO IMPORTANTE WEBINAR del dÃ­a 24 y Talleres prÃ¡cticos sobre ValidaciÃ³n documental de mascarillas â¡ Aforo completo (200 plazas para webinar y 65 para talleres) Gracias a todos por el interÃ©s _Aragon _MITES_GOB,neu
"""Is Lockdown the only solution, says Delhi HC while refusing to entertain plea seeking imposition of lockdown in Delhi amidst current situation of Covid-19 pandemic #delhihighcourt #COVID19 #DelhiFightsCorona #Lockdown2 #lockdown #LockdownChaos",neu
"à¤•à¥‹à¤°à¥‹à¤¨ à¤¸ à¤¦à¥‚à¤° , à¤®à¤¾à¤¸à¥ à¤¹ à¤œà¤°à¥‚à¤°à¥€ğŸ™ #à¤šà¤¾à¤¯à¤¨à¥€à¤œ_à¤µà¤¾à¤¯à¤° #COVID19",neu
"RT Today marks an important milestone in the fight against #COVID19 Interim data show the #OxfordVaccine is 70.4 effective,â€¦",pos
RT It is claimed in a #WhatsApp forward that all trains including the #COVID19 special trains will stop operating after 1stâ€¦,pos
RT Inside Americaâ€™s last #COVID19-free county Kalawao County Hawaii was once home to thousands of leprosy patients â€¦,neu
à¤šà¤¿à¤•à¤¿à¤¤à¥à¤¸ à¤à¤µ à¤¸à¥à¤µà¤¾à¤¸à¥ à¤®à¤‚à¤¤à¥à¤° à¤°à¤¾à¤œà¤¸à¥à¤¥à¤¾ à¤¸à¤°à¤•à¤¾ à¤¡à¥‰ à¤°à¤˜ à¤¶à¤°à¥à¤® à¤œ à¤• #COVID19 à¤ªà¥‰à¤œà¤¿à¤Ÿà¤¿ à¤¹à¥‹à¤¨ à¤• à¤¸à¥‚à¤šà¤¨ à¤ªà¥à¤°à¤¾à¤ªà¥ à¤¹à¥ à¤¹à¥ˆà¥¤ à¤®à¥ˆ à¤ˆà¤¶à¥à¤µ à¤¸ à¤œ à¤• à¤¶à¥€à¤˜à¥ à¤¸à¥à¤µà¤¾à¤¸à¥à¤¥à¥ à¤²à¤¾ à¤ªà¥à¤°à¤¾à¤ªà¥ à¤• à¤ªà¥à¤¨ à¤¸à¤•à¥à¤°à¤¿ à¤°à¥‚ à¤¸ à¤œà¤¨à¤¸à¥‡à¤µ à¤®à¥‡ à¤° à¤¹à¥‹à¤¨ à¤• à¤•à¤¾à¤®à¤¨ à¤•à¤°à¤¤ à¤¹à¥‚à¤à¥¤ #Rajasthan,neu
"RT Today marks an important milestone in the fight against #COVID19 Interim data show the #OxfordVaccine is 70.4 effective,â€¦",pos
COVID-19 Pesan Mira filzah Dah lama tak keluar rumah? Kekalkan kecergasan lakukan senaman ringan seperti pesanan Mira Filzah ini. #COVID19 #KitaTeguhKitaMenang #KomunikasiKita #JabatanPenerangan #JapenPenang,neu
Lateral Flow Testing how effective is it in assessing infectiousness Overhyped by #COVID19 #FactsMatter #factchecking #NHS,pos
Maske-Mesafe-Temizlik Kurallara UyalÄ±m #evdekal #BilinÃ§liDavran #COVID19,neu
"RT Let this sink in: Ben Carson Trumpâ€™s HUD Secretary was â€œextremely sick w #COVID19 and became ""desperately illâ€ â¡ï¸â€¦",neg
RT ALERTE INFO #AstraZeneca annonce que son candidat-#vaccin contre la #COVID19 est efficace 70% (BFMTV #coronavirus,neu
What does the data from Liverpool say #COVID19,neu
RT Wishing Dr. the best of health and speedy recovery from #COVID19 infection.,pos
"RT ğŸ‡ª FLASH L'#Europe vivra une 3e vague du #coronavirus ""si les mÃªmes erreurs sont reproduites"" (OMS #COVID19",neg
#COVID19 is making the world fucking mentally challenged you guys fucking serious right now lol,pos
#COVID19 à¤–à¤¤à¤° à¤…à¤­ à¤Ÿà¤² à¤¨à¤¹à¥€ à¤¹à¥ˆ à¤•à¥‹à¤°à¥‹à¤¨ à¤¸à¤‚à¤•à¥à¤°à¤® à¤• à¤«à¥ˆà¤²à¤¨ à¤¸ à¤°à¥‹à¤•à¤¨ à¤¹ à¤¸à¤­ à¤• à¤œà¤¿à¤®à¥à¤®à¥‡à¤¦à¤¾à¤° à¤¹ à¤‡à¤¸à¤²à¤¿ 2 à¤— à¤• à¤¦à¥‚à¤° à¤°à¤–à¤¨à¥‡ à¤®à¤¾à¤¸à¥ à¤ªà¤¹à¤¨à¤¨à¥‡ à¤¨à¤¿à¤¯à¤®à¤¿ à¤…à¤‚à¤¤à¤°à¤¾ à¤®à¥‡ à¤¹à¤¾ à¤¸à¤¾ à¤•à¤°à¤¨ à¤œà¥ˆà¤¸ à¤¸à¤­ à¤†à¤µà¤¶à¥à¤¯ à¤¸à¥à¤°à¤•à¥à¤· à¤‰à¤ªà¤¾ à¤œà¤°à¥‚ à¤…à¤ªà¤¨à¤¾à¤à¤‚à¥¤ #à¤¸à¤¾à¤µà¤§à¤¾à¤¨à¥€_à¤®à¥‡à¤‚_à¤¹à¥€_à¤¸à¥à¤°à¤•à¥à¤·à¤¾ #Unite2FightCorona #JansamparkMP,neu
#COVID19 19 Oxford University vaccine shows 70 protection only ???? I m not taking it.. American vaccines are winning so far .... https://t.co/nKNLNiHm7e,pos
Ministry of Health warnings from the 1940's-relevant today in these #COVID19 times,neu
RT More people are testing positive for #COVID19 in South Dakota than are testing negative. And the Governor is doing NOTHINGâ€¦,pos
RT ã€é•·é‡çœŒã§æ–°ãŸã«12äººæ„ŸæŸ“ç¢ºèªã€‘ é•·é‡çœŒ+12ï¼ˆåˆè¨ˆ618äººï¼‰ æ„ŸæŸ“è€…ã®è©³ç´°ã¯ä¸‹è¨˜URLã‚ˆã‚Šï¼š https://t.co/937P9eX4cu #æ–°å‹ã‚³ãƒ­ãƒŠã‚¦ã‚¤ãƒ« #COVID19,neu
"RT Today marks an important milestone in the fight against #COVID19 Interim data show the #OxfordVaccine is 70.4 effective,â€¦",pos
RT _UK #podcast __Green presents #COVID19 stock review part 2: #SNG #ODX #ORâ€¦,neg
RT Is there a word for the sadness of not being able to visit a place that you really liked â¤ Porto #COVID19,pos
RT _s #Speranza ci dice che la PERSUASIONE la via migliore ...quindi si pu cominciare la campagna di vaccinazione anti #COVID19 seâ€¦,neu
RT _Byanyima My three urgent requests to #G20 leaders: â€¢Ensure #COVID19 vaccine is a #PeoplesVaccine â€¢Strengthen free public healâ€¦,pos
JUST IN Senate adopts resolution urging the DSWD to release available funds to aid calamity victims and affected workers due to #COVID19,pos
"RT ğŸ‡« FLASH ""Nous n'avons pas menti sur les chiffres nous avons fait mentir les chiffres de la #COVID19 (directeur ARS Ãlâ€¦",neu
In his defense no one wants to be near Junior even when he doesn't have #COVID19.,pos
RT More people are testing positive for #COVID19 in South Dakota than are testing negative. And the Governor is doing NOTHINGâ€¦,pos
"RT Today marks an important milestone in the fight against #COVID19 Interim data show the #OxfordVaccine is 70.4 effective,â€¦",pos
#BREAKING Trials of Oxford's AstraZeneca #COVID19 vaccine shows it is up to 90 effective in preventing the virus #COVID #CovidVaccine #AstraZeneca #oxfordvaccine #coronavirus #oxford https://t.co/9eghVCaZ8t,pos
RT #ÃšLTIMAHORA En las Ãºltimas 24 horas MÃ©xico sum 9 mil 187 casos nuevos y 303 muertes por #COVID19 para un total de 101 miâ€¦,neu
Titulares #AhoraExtremadurağŸ“º â¡ï¸Ãšltimo informe #COVID19 â¡ï¸Se retoma la atenciÃ³n presencial en los centros de salud. â¡ï¸Comienza la comisiÃ³n sobre la transparencia en los precios de los productos del campo. https://t.co/e8COujb1E3,neu
"RT Today marks an important milestone in the fight against #COVID19 Interim data show the #OxfordVaccine is 70.4 effective,â€¦",pos
RT '#Frontlineworkers will ensure all #COVID19 precautionary measures during the #MassDrugAdministration rounds Dr Jitenâ€¦,neu
#BestMusicVideo proud of harry #twitch #COVID19 #lockdown #MaskedSinger https://t.co/d6L80AEsJf,pos
RT What is â€˜Long COVID and what parts of the body does it affect https://t.co/t6B77BpjZf #COVID19 #Health,neg
RT So evil And he admitted the purpose of releasing #COVID19 #CCPVirus we can catch up with the #US ahead of time we canâ€¦,neg
"RT Today marks an important milestone in the fight against #COVID19 Interim data show the #OxfordVaccine is 70.4 effective,â€¦",pos
Suite l'Ã©tude #prime #COVID19 https://t.co/sBHCBMmGNC le dÃ©partement de l'Aisne nous informe qu'il verse une prime de 1127 en moyenne par ETP (base activit APA/PCH/Aide sociale FÃ©dÃ©sap remercie le dÃ©partement pour cette #dÃ©cision et #prÃ©cision,neg
#COVID19 AstraZeneca says late-stage trials of its COVID-19 vaccine were â€œhighly effective' in preventing disease #AstraZeneca #COVID19Vaccine #Vaccine #coronavirus https://t.co/l0m6PprVQn,pos
RT ğŸ“² alerta del contacto con un positivo en #COVID19 âœ”ï¸Garantiza tu privacidad siguiendo estÃ¡ndares tÃ©cnicâ€¦,neu
#Lockdown2 #lockdown #COVID19 #Boellerverbot #dbdk20 #Grundeinkommen #imzentrum #Janauskassel #Merkel #Rezo #sophiescholl #Tatort #Weihnachten https://t.co/XxbG96c3AG,neu
AstraZeneca vaccine highly effective in preventing Covid-19 #AstraZeneca #COVID19 #covidvaccines https://t.co/4GmKRAlxFB,pos
RT More excellent news regarding #COVID19 vaccine trials as the shows up to 90 efficacy and has the added beâ€¦,pos
RT If you havenâ€™t heard of Dr Michael Yeadon check him out #coronavirusuk #FreedomPass #COVID19 #COVID #Truth #MikeYeadon,neu
RT Zulianos y zulianas tenemos nÃºmeros altos de casos #COVID19 en el Estado Llamo a la precauciÃ³n y resguardo de parte deâ€¦,neu
"RT Today marks an important milestone in the fight against #COVID19 Interim data show the #OxfordVaccine is 70.4 effective,â€¦",pos
Covid has proved how important Ministries of Health and Education are!!! Future leaders will now surely give a thought before appointing someone on these just like they think before appointing ministers for other sectors. #ShafqatMahmood #COVID19,pos
RT #CoronaFacts: ğŸ“Can Thermal Scanners detect #COVID19 infected peopleâ“â“â“ â†— No thermal scanners don't detect #COVID iâ€¦,neu
RT #IndiaFightsCorona: Spitting in public places can spread #COVID19 infection Spitting in public places is also a puniâ€¦,neu
Najnoviji bilans Prvi put viÅ¡e od 25 hiljada novih sluÄajeva kovida u #Rusija #Russia #COVID19 #CoronaInfo #CoronaVirusUpdates #coronavirus #korona #virus #SputnikSrbija #Sputnik #SputnikUpdates #SputnikNews ğŸ‘‡ https://t.co/vIi6nB6UJV,neu
Thailand Extends #COVID19 Emergency Rule Until Mid-Jan #Thailand #Kalingatv https://t.co/o4Mv7XUFcr,neu
RT British pharmaceutical giant said today that its #COVID19 vaccine candidate is 70 efficient in protecting itsâ€¦,neu
"RT Today marks an important milestone in the fight against #COVID19 Interim data show the #OxfordVaccine is 70.4 effective,â€¦",pos
I risultati dell'applicazione dell'algoritmo di diebold-yilmaz sulla volatilit dei 5y bond yields di un po di paesi EMU post crisi Quale paese trasmette instabilitÃ  Italia ma direi di si emettiamo altri 400 billion avanti #COVID19 #Brera,neu
"RT Let this sink in: Ben Carson Trumpâ€™s HUD Secretary was â€œextremely sick w #COVID19 and became ""desperately illâ€ â¡ï¸â€¦",neg
RT ã€æ»‹è³€çœŒã§æ–°ãŸã«5äººæ„ŸæŸ“ç¢ºèªã€‘ æ»‹è³€çœŒ+5ï¼ˆåˆè¨ˆ740äººï¼‰ ãã‚‡ã†ã®å›½å†…æ„ŸæŸ“è€…æ•°ã¯1014äººã« ï¼ˆ16:47æ™‚ç‚¹ï¼‰ è©³ç´°ã¯ä¸‹è¨˜URLã‚ˆã‚Šï¼š https://t.co/oEslL3ucOx #æ–°å‹ã‚³ãƒ­ãƒŠã‚¦ã‚¤ãƒ« #COVID19 htâ€¦,neu
To #BuildBackBetter we must recognize that women and girls in communities play a critical role as implementers and leaders in promoting individual and collective behaviour change to prevent &amp respond to #COVID19 https://t.co/OmVVwEMW1i,neu
If religion is personal matter then why there is Muslim Personal Law Board exists and many others why #India soft but not other nations on this could not be understood recently #Jamati was live example in #COVID19 spreading in #India.,pos
"RT Today marks an important milestone in the fight against #COVID19 Interim data show the #OxfordVaccine is 70.4 effective,â€¦",pos
"RT Today marks an important milestone in the fight against #COVID19 Interim data show the #OxfordVaccine is 70.4 effective,â€¦",pos
RT #Delhi Need #Blood Type AB-positive At Manipal Dwarka Blood Component Need Plasma from AB+ve #COVID19 recovered pâ€¦,neu
RT Ú©ÙˆØ±ÙˆÙ† Ú©ÛŒØ³ Ù…ÛŒ Ø§Ø¶Ø§Ù Ø§Ø³Ú©ÙˆÙ„Ùˆ Ú© Ø¨Ù†Ø¯ Ú© Ø­ÙˆØ§Ù„ Ø³ Ø¨Ú‘ Ø®Ø¨ Ø¢Ú¯Ø¦ÛŒ Ù…Ø²ÛŒ Ù¾Ú‘Ú¾ÛŒÚº https://t.co/h9YaJIh2Gd #ARYNewsUrdu #COVID19â€¦,neu
"RT _3 Sharp incline in #COVID cases corresponds to the coming of 2nd wave In July 2020,Qasim saw that #COVID19 cases will rise agâ€¦",neg
CRAZY REMIX JAM FEAT DJ K-Sexy SEAN A PREGENT https://t.co/5mqxEyIAa8 #arakihiyou #crazymusic #djcrazyant #edm #futurehouse #GoGetters #govote #iTunes #japanlive #music #newmusic #NewMusic #noise #noisemusic #nowplaying #progrock #rock #COVID19 #DJ #LetsGoEnjoyTheParty,neg
"RT _Traffic "" Dear Nigerians let's celebrate Dr Onyeama Ogbuagu the Nigerian behind the Pfizer #COVID19 Vaccine Nigerianâ€¦",neg
ALERT AstraZeneca says its Covid-19 vaccine has shown a 70% efficacy on average Global Pandemic News #Coronavirus #COVID19 #Protests https://t.co/r9A9It0zBn,neg
What about #jaipur #COVID19 is everything is good in Rajasthan?,pos
"El ex director cientÃ­fico de Pfizer dice que la ""segunda ola se ha falsificado en las pruebas COVID falsas positivas ""La pandemia ha terminado #COVID19 https://t.co/awDOVLVDUR",neu
RT Extensive #LungDamage may shed light on â€˜long COVIDâ€™ Investigations of deceased #COVID19 patients have shed light on possâ€¦,pos
"RT Today marks an important milestone in the fight against #COVID19 Interim data show the #OxfordVaccine is 70.4 effective,â€¦",pos
Dâ€™un cÃ´t des actionnaires qui se gavent et de lâ€™autre des travailleurs qui trinquent Le #COVID19 un coups de pouce pour amÃ©liorer la marge https://t.co/VgetFxAYnm,neu
"RT Today marks an important milestone in the fight against #COVID19 Interim data show the #OxfordVaccine is 70.4 effective,â€¦",pos
Confirm Jannati haiâ¤ï¸ğŸ˜… #ShafqatMehmood #CloseEducationalInstitions #CloseFoundationUniCovid19 #COVID19,neu
RT #Delhi Need #Blood Type O-positive At Saroj Hospital Rohini Blood Component Need Plasma from O+ve #COVID19 recovâ€¦,neu
"àª¸àª¾àª° àª°à«€àª¤ àª²àª—à« àª•àª°àªµàª¾àª¨ àª¨àªµ àª¨à«àª¸àª– .. àª²àª—à«àª¨àª®àª¾ àª­àª¾àªœàªªàª¨ àª¨à«‡àª¤àª¾àª¨ àª¬à«‹àª²àª¾àªµ àª¨àª¾àª¨à« àª­àª¾àª· àª•àª°àª¾àªµ àª¦àª¯à«‹,à«¨à«¦ àª¨ à«¨à«¦à«¦ àª²à«‹àª• àª¹àª¶ àª¤ àªª àª•à«‹àª°à«‹àª¨ àª• àªªà«‹àª²à«€ àª¨àª¹ àª…àª¡à«‡.ğŸ˜‚ğŸ˜‚ğŸ˜‚#COVID19 _tv _NEWS",neu
RT Mempertingkatkan Komunikasi #COVID19 (Bahagian 1) Enhancing #COVID19 Communication (Part 1) _gov #Câ€¦,neu
RT 10am this morning tune in with #COVID19,neu
RT More people are testing positive for #COVID19 in South Dakota than are testing negative. And the Governor is doing NOTHINGâ€¦,pos
RT #Delhi Need #Blood Type AB-positive At Manipal Dwarka Blood Component Need Plasma from AB+ve #COVID19 recovered pâ€¦,neu
RT BREAKING Trials of Oxford's AstraZeneca #COVID19 vaccine shows it is up to 90 effective in preventing the virus. More on thâ€¦,pos
Ã‰s novetat 'Diario de Wuhan sesenta dÃ­as desde una ciudad en cuarentena de la cÃ¨lebre escriptora xinesa Fang Fang Prologat per Antonio MuÃ±oz Molina. El trobareu a la nostra vitrina de novetats de la planta baixa https://t.co/DbdhpCtx1G #COVID19 #censura #bchgUABnovetat,neu
#SARS_CoV_2 yanlÄ± bilgi GÃ¶rÃ¼ntÃ¼lerin Ã‡in'in Åanghay kentindeki havaalanÄ±ndan olduÄŸu doÄŸru âœ”ï¸ Ancak ortada #SARS virÃ¼s yok âŒ Ã‡alÄ±ÅŸanlarda #COVID19 Ã§Ä±kÄ±nca 14 gÃ¼n zorunlu karantina uygulanmasÄ±na karÅŸ Ã§Ä±kanlar olmuÅŸ. Ã‡in basÄ±nÄ±na gÃ¶re 17 bin kiÅŸiye test yapÄ±lacak https://t.co/qxWAHouY0r,neu
"RT With 44,059 new #COVID19 infections India's total cases rise to 91,39,866. With 511 new deaths toll mounts to 1,33,738 Total aâ€¦",pos
I am delighted to share my newly launched dimensional business strategy formulation course Please watch the videos in full with this link below https://t.co/UxmZei84pG #mondaythoughts #MUFC #MilesMoralesPS5 #AroundTheWorld #AMAs2020 #COVID19 #cryptocurrency #DeFi #Fleets,pos
RT Eye-opening testimony last week during our Senate hearing on early treatments for #COVID19 There is a real disconnectâ€¦,pos
RT #CoronaVirusUpdates State-wise details of Total Confirmed #COVID19 cases (till 23 November 2020 8 AM â¡ï¸States wâ€¦,pos
"RT Today marks an important milestone in the fight against #COVID19 Interim data show the #OxfordVaccine is 70.4 effective,â€¦",pos
"RT Today marks an important milestone in the fight against #COVID19 Interim data show the #OxfordVaccine is 70.4 effective,â€¦",pos
"RT Today marks an important milestone in the fight against #COVID19 Interim data show the #OxfordVaccine is 70.4 effective,â€¦",pos
RT Does #COVID19 spread on planes Yes according to this excellent pre-print by _Geoghegan &amp colleagues My latest â€¦,pos
"RT Today marks an important milestone in the fight against #COVID19 Interim data show the #OxfordVaccine is 70.4 effective,â€¦",pos
RT BREAKING Trials of Oxford's AstraZeneca #COVID19 vaccine shows it is up to 90 effective in preventing the virus. More on thâ€¦,pos
RT BREAKING Trials of Oxford's AstraZeneca #COVID19 vaccine shows it is up to 90 effective in preventing the virus. More on thâ€¦,pos
RT #BREAKING... All educational institutions closure across #Pakistan from Wednesday till January 10 #ncoc #COVID19 PMâ€¦,pos
Follow ~ Jury duty No thanks say many forcing trials to be delayed #TodaysMedicalUpdate #Medicine #Health #Patients #NHS #FMRevolution #Today #Insurance #Pharmaceutical #Biotech #COVID19 #Coronavirus #Doctor #Polic https://t.co/zzUxVeaZrN,pos
RT #BREAKING... All educational institutions closure across #Pakistan from Wednesday till January 10 #ncoc #COVID19 PMâ€¦,pos
"RT Today marks an important milestone in the fight against #COVID19 Interim data show the #OxfordVaccine is 70.4 effective,â€¦",pos
RT Afghan ğŸ‡¦ schoolgirls invented low-cost #ventilation system for #coronavirus #COVID19 patients by â€¦,neu
Wer #Deutschland mit einer #Diktatur vergleicht hat nix verstanden Wer mit #Nazis auf Demos rumlÃ¤uft ist nicht naiv Wer innere leere Leere mit Heldengeschichten fÃ¼llen will ist nicht mutig Wort zum #Montag #sophiescholl #janaauskassel #Covidioten #COVID19,neu
RT BREAKING Trials of Oxford's AstraZeneca #COVID19 vaccine shows it is up to 90 effective in preventing the virus. More on thâ€¦,pos
#gmb #COVID19,neu
bence artÄ±k hastaneye gerek kalmadan kendimiz evimizde gebelik testi yapar gibi kendimiz covid19 testi yapabilir olmalÄ±yÄ±z aÅŸÄ±y bulamayan diÄŸer grup bunu Ã§alÄ±ÅŸmaya baÅŸlasa #corona #COVID19,neu
_Mahmood 15th January2021 till #holidays Latest News Regarding #Education System in #Pakistan #ShafqatMehmood All Schools Colleges &amp Universities #Coronaviruspakistan #CloseSchoolsNOW #education_minister #Virtual Classes Season #PakistanMovingForward #CloseEducationalInstitions #COVID19,pos
ğŸ—£ï¸ plantea que la #COVID19 ha tenido un fuerte impacto en la regiÃ³n no solo en el Ã¡rea de salud sino tambiÃ©n en educaciÃ³n esa situaciÃ³n justifica reforzar esfuerzos cooperadores Â¿CuÃ¡les deben ser las prioridades? ğŸ”´#EnDirecto https://t.co/pei8GS7tGM,neu
Lets with action by 328 million Americans. â€¢Good hygiene with sanitisers washing cleaning â€¢Physical distancing in all places. â€¢Public gatherings to be avoided. â€¢Masks worn to protect you and others. â€¢Isolation or Quarantine if exposed to #COVID19,pos
RT BREAKING Trials of Oxford's AstraZeneca #COVID19 vaccine shows it is up to 90 effective in preventing the virus. More on thâ€¦,pos
RT #COVID19 spike Govt announces closure of educational institutions from Nov 26 #ARYNews #ShafqatMehmood https://t.coâ€¦,pos
"RT #Maharashtra #COVID19 Updates for today 5,753 new cases have been reported in the state today The state tally of #Covid_1â€¦",pos
bmj_latest #COVID19 has precipitated the rise of digital consultations but in the US reimbursement policies are unclear _md and Robert Jarrin call for more clarity #digitalhealth #medicalnews #bmj,pos
RT à¤œà¥à¤¯à¤¾à¤¦ à¤–à¤¤à¤°à¤¨à¤¾ à¤¹à¥‹à¤• à¤²à¥Œà¤Ÿ à¤•à¥‹à¤°à¥‹à¤¨à¤¾ à¤•à¤¹à¥€ à¤²à¥‰à¤•à¤¡à¤¾à¤‰à¤¨ à¤•à¤¹à¥€ à¤•à¤°à¥à¤«à¥à¤¯à¥‚ à¤• à¤¦à¥‡à¤¶à¥‹ à¤®à¥‡ à¤…à¤¸à¥à¤ªà¤¤à¤¾ à¤«à¥à¤² #Coronavirus #COVID19 #Lockdowâ€¦,neu
RT Ø®Ø¨ Ú©ÙˆØªØ§ Ù…Ø®ØªØµØ± #Ù…Ø§Ø³Ú©_Ø¨Ø²Ù†ÛŒ Ú©Ø±ÙˆÙ† Ø¯Ø±Ù…Ø§ Ù†Ø¯Ø§Ø±Ø¯! #COVID19,neu
If anyone deserves a pile on it's you and your stupid take No need for the Tory party to try and wriggle out of their corrupt incompetent handling of #COVID19 by blaming the public when the Labour Party will do it for them Jesus fucking Christ.,neg
"RT Today marks an important milestone in the fight against #COVID19 Interim data show the #OxfordVaccine is 70.4 effective,â€¦",pos
RT BREAKING Trials of Oxford's AstraZeneca #COVID19 vaccine shows it is up to 90 effective in preventing the virus. More on thâ€¦,pos
"RT Today marks an important milestone in the fight against #COVID19 Interim data show the #OxfordVaccine is 70.4 effective,â€¦",pos
Ï€ÏÎ¿Î·Î³Î¿ÏÎ¼ÎµÎ½ Î±Î½Î¬ÏÏ„Î·Ïƒ Î±Ï†Î¿Ï Ï„ Î“Î±Î»Î»Î¹Îº ÎÏ„Î¿ÎºÎ¹Î¼Î±Î½Ï„Î­ #HoldUp Ï€Î¿ ÏƒÏ‡ÎµÏ„Î¯Î¶ÎµÏ„Î± Î¼ Ï„Î¹ Î±Î¼Ï†Î¹Î²Î¿Î»Î¯ÎµÏ‚/Î±Î½Î·ÏƒÏ…Ï‡Î¯ÎµÏ‚/Ï…Ï€Î¿ÏˆÎ¯Îµ Î³Î¹ Ï„Î¿ #COVID19 &amp Ï„ (Î±Î½Î±Î¼ÎµÎ½ÏŒÎ¼ÎµÎ½Î± ÎµÎ¼Î²ÏŒÎ»Î¹Î± Î•Î´ Î¼Î¹ Î±Î½Ï„Î¹ÎºÎµÎ¹Î¼ÎµÎ½Î¹Îº Ï€ÎµÏÎ¹Î³ÏÎ±Ï† &amp ÎµÏ€Î¹Ï€Î»Î­Î¿ ÏƒÏ„Î¿Î¹Ï‡ÎµÎ¯Î± https://t.co/mALYUIvCVL,neu
RT Ù‡ÙƒØ° ÙƒØ§ Ø´Ùƒ Ø§Ù„ÙƒÙ…Ø§ Ù Ø§Ù„Ù‚Ø± Ø§Ù„Ø³Ø§Ø¯ Ø¹Ø´ Ø£Ø«Ù†Ø§ ØªÙØ´ ÙˆØ¨Ø§ Ø§Ù„Ø·Ø§Ø¹Ùˆ #ÙƒÙˆØ±ÙˆÙ† #COVID19,neu
232 new cases and 4 new deaths in Estonia [8:47 GMT #coronavirus #CoronaVirusUpdate #COVID19 #CoronavirusPandemic,pos
RT Assisi Umbria ğŸ˜ğŸ‡® #20Noviembre #Friday #FridayThoughts #WearADamnMask #WearAMask #COVID19 #Covid #coronavirus #umbraco #iâ€¦,neu
RT ğŸ‘©ğŸ¾â€ğŸ¦±One ğŸ§‘ğŸ¿â€ğŸ¦±in ğŸ§•ğŸ½three ğŸ‘µğŸ»women ğŸ‘§ğŸ¿experience ğŸ‘©ğŸ¼â€ğŸ¦°physical ğŸ‘©ğŸ¾or ğŸ‘©ğŸ»â€ğŸ¦±sexual ğŸ‘©ğŸ½violence #COVID19 puts them at even higher risâ€¦,pos
RT I am delighted to hear that Covishield a low-cost logistically manageable &amp soon to be widely available #COVID19 vaâ€¦,pos
RT I am delighted to hear that Covishield a low-cost logistically manageable &amp soon to be widely available #COVID19 vaâ€¦,pos
Recent findings from the #COVID19 Social Study suggest that financial inequalities in the UK are widening as a result of the pandemic particularly in the North East where there have been stricter restrictions. Read more https://t.co/gBi0otBMp6,pos
RT El poder de las vacunas (que no se apellidan #COVID19 Un sencillo gesto que salva vidas ArtÃ­culo para campaÃ±a de â€¦,neu
"RT Today marks an important milestone in the fight against #COVID19 Interim data show the #OxfordVaccine is 70.4 effective,â€¦",pos
RT I am delighted to hear that Covishield a low-cost logistically manageable &amp soon to be widely available #COVID19 vaâ€¦,pos
"RT Today marks an important milestone in the fight against #COVID19 Interim data show the #OxfordVaccine is 70.4 effective,â€¦",pos
"RT Today marks an important milestone in the fight against #COVID19 Interim data show the #OxfordVaccine is 70.4 effective,â€¦",pos
Pentingnya rutin lakukan uji #COVID19 bagi pekerja di bandara _2 _Airports,neu
Winter is coming Hereâ€™s what itâ€™ll mean for the spread of COVID-19 #COVID19 #science,neg
RT Three new #COVID19 deaths in Bali have taken the island's official death toll to 414 Another 68 new cases were reported todaâ€¦,pos
"RT Info about the Oxford/AstraZeneca #COVID19 vaccine: Trials done on 20,000 people showed it was roughly 70 effective Whâ€¦",pos
is back in collaboration with with the #COVID19 Updates from Singapore webinars Tune in this week on 26 Nov 1900 Singpore to stay updated with the latest developments in the international public health response https://t.co/cS83PChkPH #GOARN2020,pos
Matt Hancock is a disgrace. He won't rule-out accepting a pay-rise for MP's He clearly believes they deserve a pay-rise even after what they've done to the UK this year! #gmb #COVID19 #Covid19UK,pos
RT BREAKING Trials of Oxford's AstraZeneca #COVID19 vaccine shows it is up to 90 effective in preventing the virus. More on thâ€¦,pos
âš ï¸ğŸ‘€ğŸ¤”... Politicians must be given the vaccines first next the elites to protect the pillars of society right #Agenda2030 #democracy #FightBack #COVID19 #SARSCoV2,pos
RT ÎŸ Î‘Î³Î³Î»Î¿ Î²ÏÎ®ÎºÎ± Ïƒ 180.000 Î¬Ï„Î¿Î¼ ÏŒÏ„ Ï„ Î£ ÎºÎ± Ï„ ÏƒÏ‡Î¿Î»ÎµÎ¯ ÎµÎ¯Î½Î± ÎÎ¿1 Ï‡ÏÏÎ¿ Î¼ÎµÏ„Î¬Î´Î¿ÏƒÎ· #COVID19 Î‘Î»Î» Ï„ Î¾Î­ÏÎ¿Ï… Î±Ï…Ï„Î¿ Î¼Ï€ÏÎ¿ÏƒÏ„ Ïƒâ€¦,neu
Dynamic Code lanserar covid-19 antikroppstest som kan tas hemma #COVID19 #pratapengar Handel p _Pepins 2-7dec.,neu
RT I am delighted to hear that Covishield a low-cost logistically manageable &amp soon to be widely available #COVID19 vaâ€¦,pos
RT Pues ya tenemos la primera granja de visones con un brote de #COVID19 en Francia Ya son 8 paÃ­ses con granjas afectadas 7 enâ€¦,neu
RT ğŸ‡« ALERTE 215 dÃ©cÃ¨s dus la #COVID19 enregistrÃ©s en 24h un chiffre en forte baisse par rapport dimanche dernier (302)â€¦,neu
RT URGENT ATTENTION Major #WuhanCoronavirus #COVID19 outbreak at #Shanghai Airport â€¦,pos
#Oxford-AstraZeneca #COVID19 vaccine 70 effective,pos
#VirologicalSurveillance of #influenza #viruses in the _Europe Region in 2019/20 impact of the #COVID19 #pandemic #SARSCoV2 #Coronavirus #Flu #FluSurveillance #FluSeason #Vaccination #FluVaccine _EU _Flu Image Dan Higgins,neu
RT Las vacunas china ğŸ‡¨ y rusa ğŸ‡· contra el #COVID19 con una efectividad de mÃ¡s del 90 y avaladas por revistas de mÃ¡ximo preâ€¦,neu
"RT Today marks an important milestone in the fight against #COVID19 Interim data show the #OxfordVaccine is 70.4 effective,â€¦",pos
RT Quel degr dâ€™absurdit faut-il atteindre pour dÃ©-sidÃ©rer les gens #COVID19 #COVID #COVID19france #Covid_19 #Covid_19â€¦,neu
"RT Today marks an important milestone in the fight against #COVID19 Interim data show the #OxfordVaccine is 70.4 effective,â€¦",pos
RT #Delhi Need #Blood Type AB-positive At Manipal Dwarka Blood Component Need Plasma from AB+ve #COVID19 recovered pâ€¦,neu
RT So evil And he admitted the purpose of releasing #COVID19 #CCPVirus we can catch up with the #US ahead of time we canâ€¦,neg
à¤¨à¥à¤¯à¥‚à¤¯à¥‰à¤°à¥ à¤°à¤¾à¤œà¥ à¤• à¤—à¤µà¤°à¥à¤¨ à¤¨ à¤›à¥à¤Ÿà¥à¤Ÿà¤¿à¤¯à¥‹ à¤• à¤®à¥Œà¤¸ à¤®à¥‡ #COVID19 à¤®à¤¾à¤®à¤²à¥‹ à¤®à¥‡ à¤µà¥ƒà¤¦à¥à¤§ à¤• à¤šà¥‡à¤¤à¤¾à¤µà¤¨ à¤¦ https://t.co/CSxvXcnCfU,neu
RT What are your #COVID19-safe suggestions for taking part in #ChristmasJumperDay this year Here are some tips: ğŸ”‡Muteâ€¦,neu
RT More people are testing positive for #COVID19 in South Dakota than are testing negative. And the Governor is doing NOTHINGâ€¦,pos
RT BREAKING Trials of Oxford's AstraZeneca #COVID19 vaccine shows it is up to 90 effective in preventing the virus. More on thâ€¦,pos
#COVID19 flying somewhere for Turkeyday,neu
ÎšÎ¿ÏÏ‰Î½Î¿ÏŠÏŒÏ‚ Î‘Ï€Î¯ÏƒÏ„ÎµÏ…Ï„ ÎºÎ±Ï„Î±Î³Î³ÎµÎ»Î¯ Î•Î½Î·Î¼ÎµÏÏÎ¸Î·Îº Î³Î¹ Ï„ Î¸Î¬Î½Î±Ï„ Ï„Î· Î¼Î·Ï„Î­ÏÎ± Ï„Î¿ Î¼ Î´Ï… Î·Î¼Î­ÏÎµ ÎºÎ±Î¸Ï…ÏƒÏ„Î­ÏÎ·Ïƒ https://t.co/9mXDO5RLfg #COVID19 #Î˜ÎµÏƒÏƒÎ±Î»Î¿Î½Î¹ÎºÎ·,neu
RT #Unicef prepara una operaciÃ³n histÃ³rica para suministrar #vacunas de la #COVID19,neu
"RT Info about the Oxford/AstraZeneca #COVID19 vaccine: Trials done on 20,000 people showed it was roughly 70 effective Whâ€¦",pos
tot up add numbers together to reach the total bill #totup #LearnEnglish #phrasalverbs #COVID19,neu
ãƒ›ãƒ³ãƒˆã€ç¶­æ–°ã¯ãƒ€ãƒ¡ãªæ–¹å‘ã«ã°ã‹ã‚Šèµ°ã‚‹ã€‚æ‚ªã„ã®ã¯GoToã§ã¯ãªã„ã¨ã‚ã‚Œã»ã©.. #COVID19 #ã‚³ãƒ­ãƒŠã‚’æŒ‡å®šæ„ŸæŸ“ç—‡2é¡ã‹ã‚‰5é¡ã¸,neu
Quand les journalistes dÃ©couvrent ce que câ€™est dâ€™Ãªtre dirig par un eurofanatiqueâ€¦ la botte de la commission europÃ©enne #france #frexit et vite #macron #COVID19,neu
War vorauszusehen dass die Sozialkassen der LÃ¤nder und Gemeinden ohne Hilfe nicht auskommen werden. Der #Corona #Soli macht daher Sinn den #Einheitssoli fÃ¼r alle abzuschaffen um finanziell fÃ¼r die Zukunft abgesichert zu sein. #COVID19 ist erst der Anfang #Lockdown2 #MV #Betten,neu
"RT Today marks an important milestone in the fight against #COVID19 Interim data show the #OxfordVaccine is 70.4 effective,â€¦",pos
"RT #COVID19 #vaccine #coronavirus #skynews Why buy 100 million vaccines before it's proven to work Does it really work,â€¦",pos
RT Meanwhile in Mamata Didi's West Bengal a â€˜dead #COVID19 patient came back home a week after his family cremated his â€˜bodyâ€™â€¦,neg
RT BREAKING Trials of Oxford's AstraZeneca #COVID19 vaccine shows it is up to 90 effective in preventing the virus. More on thâ€¦,pos
RT La protection des plus vulnÃ©rables est mon moteur en politique Certainement en ces temps de #COVID19 Ces chiffres publâ€¦,neu
RT #EsNoticia | Venezuela registr este domingo #22Nov 400 nuevos casos de #COVID19 de los cuales 365 corresponden a contâ€¦,neu
RT ã€é¦™å·çœŒã§æ–°ãŸã«1äººæ„ŸæŸ“ç¢ºèªã€‘ é¦™å·çœŒ+1ï¼ˆåˆè¨ˆ133äººï¼‰ ãã‚‡ã†ã®å›½å†…æ„ŸæŸ“è€…æ•°ã¯1513äººã« ï¼ˆ18:14æ™‚ç‚¹ï¼‰ è©³ç´°ã¯ä¸‹è¨˜URLã‚ˆã‚Šï¼š https://t.co/oEslL3ucOx #æ–°å‹ã‚³ãƒ­ãƒŠã‚¦ã‚¤ãƒ« #COVID19 htâ€¦,neu
"#COVID19 #Corona #coronavirus #CoronavirusPandemic #Bangladesh à¦•à§‹à¦­à¦¿à¦¡-à§§à§¯ à¦à¦•à¦¦à¦¿à¦¨ à¦¦à§‡à¦¶ à¦†à¦° à§¨ à¦œà¦¨à§‡ à¦®à§ƒà¦¤à§à¦¯à§ à§¨,à§ªà§§ à¦°à§‹à¦— à¦¶à¦¨à¦¾à¦•à§à¦¤",neu
RT Today we announced high-level results from the AstraZeneca #COVID19 vaccine clinical trials https://t.co/eTzâ€¦,neu
RT _ranjan99 à¤¹à¤¾à¤²à¤¾ à¤• à¤•à¥Œ à¤•à¤¾à¤¬ à¤•à¤°à¥‡à¤—à¤¾ #COVID19,neu
ğŸ‘‰Los titulares de la maÃ±ana en #BuenosDÃ­asCyL ğŸ”¹Garantizar el acceso a la vacuna ğŸ”¹Afecta a todos #COVID19 ğŸ”¹PCR negativa para entrar a EspaÃ±a ğŸ”¹Incendios que podrÃ­an ser intencionados FrÃ­o y sol en directo https://t.co/rxqfT906X7,neu
Corona und IntensivfachkrÃ¤fte Pflege ist am absoluten Limit Mit dem Ausbruch der Corona-Krise wird der Pflegenotstand in Deutschland besonders deutlich Das wird zur Gefahr fÃ¼r Patient https://t.co/YYAr3gXN71 #corona #Pflegenotstand #COVID19 #pflege #Intensivbetten #ICU,neu
RT #COVID19,neu
"RT Today marks an important milestone in the fight against #COVID19 Interim data show the #OxfordVaccine is 70.4 effective,â€¦",pos
RT STATISTIK TERKINI COVID-19 23 NOVEMBER 2020 Sumber Jawatankuasa Pengurusan Bencana Negeri Sarawak #COVID19 #KitaTeguhKâ€¦,neu
"RT Today marks an important milestone in the fight against #COVID19 Interim data show the #OxfordVaccine is 70.4 effective,â€¦",pos
Ãœlkemizin rekabetÃ§iliÄŸi iyi yÃ¶netiÅŸim kÃ¼ltÃ¼rÃ¼yle artacak diyen TÃœRKONFED BaÅŸkan @_ORHANTURAN yerel kalkÄ±nmaya dair deÄŸerlendirmeleri #TÃœRKONFEDBÄ°Z â€˜â€™SÃ¼rdÃ¼rÃ¼lebilirlikâ€™ dosyasÄ±nda ğŸ‘‰TamamÄ± https://t.co/1eov6yvfAF #TÃœRKONFED #SÃ¼rdÃ¼rÃ¼lebilirlik #COVID19,neu
Estoy muy arto dela puta mascarilla. #COVID19 y de la falsa morla de todo el mundo se aterran cuando ven un disco abierta con la gente bailando con o sin mascarilla...pero van tod como sardina en lata en el metro autobuses y demas...en fin ...la hipocresÃ­a.,neu
RT El martes presentamos el plan de vacunaciÃ³n ante el #COVID19 Habr una Ãºnica estrategia con 13.000 puntos para adminâ€¦,neu
RT HOSPITALS &amp #COVID19 tells that hospitals will be able to handle an influx of patients bâ€¦,pos
RT I am delighted to hear that Covishield a low-cost logistically manageable &amp soon to be widely available #COVID19 vaâ€¦,pos
àª¯àª¾àª¤à«àª°àª¾àª§àª¾ àª¶àª¾àª®àª³àª¾àªœ àª–àª¾àª¤ àª•àª¾àª°à«àª¤àª¿ àªªà«àª°à«àª£àª¿àª®àª¾àª¨ àª²à«‹àª•àª®à«‡àª³à«‹àª° àª•àª°àªµàª¾àª¨ àª¨àª¿àª°à«àª£ àª®àª‚àª¦àª¿ àªµà«àª¯àªµàª¸à«àª¥àª¾àªª àª…àª¨ àªœàª¿àª²à«àª² àª¤àª‚àª¤à« àª¦à«àªµàª¾àª° àª²à«‡àªµàª¾àª¯ àª›à«‡ #airnews #Corona #COVID19 #airpics Ankit Chauhan,neu
#IndiaFightsCorona: ğŸ“How to reduce Stigma related to #COVID19 â“â“â“ â†— Share positive stories of those recovered â†— Celebrate recovered persons as Winners â†— Support and cooperate with the family of affected person #Unite2FightCorona #StaySafe #IndiaWillWin,pos
El calendario de la AsociaciÃ³n de SÃ­ndrome de Down de #Segovia inmortaliza a Alicia Llorente fallecida por la #COVID19 https://t.co/dqc4Ux23fx,neg
RT This is getting worse from absurdity to insanity:( Success does NOT mean ZERO #COVID19 cases It means ZERO TOLERANCE forâ€¦,neg
RT Following Karnataka #COVID19 Technical Advisory Committee's recommendation CM BS Yediyurappa said schools in the Statâ€¦,neu
#COVID19 #MutualAid,neu
"RT Today marks an important milestone in the fight against #COVID19 Interim data show the #OxfordVaccine is 70.4 effective,â€¦",pos
This week we will be sharing with you a selection of reports available on LG Inform with a different theme every day Mon #COVID19 reports Tues #climatechange &amp Young People Weds Managing 'Place Thurs Health &amp Wellbeing Fri Themed reports Watch this space https://t.co/Knh2YzBPd2,pos
Ú¯ÙˆØ±Ù†Ù…Ù† ÙˆÛŒÙ… Ú©Ø§Ù„ ÛŒÙˆÙ†ÛŒÙˆØ±Ø³Ù¹ Ù…ÛŒ 4 Ø§Ø³Ø§ØªØ° Ø§Ùˆ 4 Ø·Ø§Ù„Ø¨Ø§ Ú©ÙˆØ±Ù† Ù¾Ø§Ø²ÛŒÙ¹ ÛÛŒ Ù„ÛŒÚ© Ø¨ Ø­ Ø§Ù†ØªØ¸Ø§Ù…ÛŒ Ø§Ø¨Ú¾ Ø§Ø¨Ú¾ Ø¨Ú†Ùˆ Ø³ Ø§ÛŒ Ø¯ Ù…ÛŒ Ø¯ Ù¾ÛŒÙ¾ Ù„ Ú© Ù† ØµØ± Ø§ Ú© Ù…Ø³ØªÙ‚Ø¨ Ø³ Ø¨Ù„Ú© Ø§ Ú© ØµØ­ Ø³ Ú©Ú¾ÛŒ Ø±Û ÛÛŒÚº.. #ncoc #COVID19 #StudentsLivesMatter #ARYNewsUrdu #saveus,neu
RT #COVID19 confronto prima vs #secondaondata su ricoveri e terapie intensive ğŸ‘‰Siamo vicini al picco (a invarianza misureâ€¦,neu
RT ğŸŸ¥#QuÃ©dateEnCasa si: ğŸ”¹Tienes sÃ­ntomas de #COVID19 Has sido diagnosticado como positivo Hasâ€¦,neu
RT _nishi ï¼ƒCOVID19 ã®éå¸¸ã«å¼·ã„ç¬¬äºŒæ´¾ã‚’çµŒé¨“ã—ã¦ã„ã‚‹ãƒ•ãƒ©ãƒ³ã‚¹ã§ã¯ã€ ï¼‘ï¼‘æœˆï¼™æ—¥ã€œï¼‘ï¼•æ—¥ã®ï¼‘é€±é–“ã§å®Ÿæ–½ã—ãŸPCRæ¤œæŸ»æ•°ã¯ç´¯è¨ˆ ï¼‘ï¼–ï¼•ä¸‡ï¼“ï¼”ï¼‘ï¼” ã§ã—ãŸ ï¼‘æ—¥ã§å¹³å‡ä»¶æ•°ã¯ï¼’ï¼“ä¸‡ï¼–ï¼’ï¼ï¼’ä»¶ åŒé€±ã§æ—¥æœ¬ã§ã®å®Ÿæ–½PCRæ¤œæŸ»ä»¶æ•°ã¯ç´¯è¨ˆï¼‘ï¼˜ä¸‡ï¼˜ï¼“ï¼ï¼˜ä»¶â€¦,neu
#Magicalkenya Kibaki #dissertation #COVID19 #KenyaVsTanzania Solar powered Street lamp 30watts with motion sensor Has a photocell sensor thus auto on &amp;off. Very bright Easy installation no wiring required. Ksh.3500 Call/WhatsApp 0703253593,pos
https://t.co/2GPIKa76gW #congiunti #congiuntifuoricomune #23novembre #COVID19 #congiuntifuoriprovincia #congiuntifuoriregione _Menesini,neu
"RT Let this sink in: Ben Carson Trumpâ€™s HUD Secretary was â€œextremely sick w #COVID19 and became ""desperately illâ€ â¡ï¸â€¦",neg
RT Give it away FFS #COVID19 has a 99.9 recovery rate The population is onto your UN #GreatReset Now FO andâ€¦,neu
#COVID19 #COVID19france #confinement #sncf,neu
People are fans of the Chinese #corona strategy until they have to quarantine in an airport with 10.000 other people.. #coronavirus #COVID19 #china #StayHome,neg
Iniciamos esta semana la campaÃ±a #COnVIsiÃ³nDiferente que tiene el objetivo la sensibilizaciÃ³n y apelar a la responsabilidad de tod en el contexto #COVID19 en el que nos encontramos Avanti! https://t.co/YgArkX0vks,neu
"RT Today marks an important milestone in the fight against #COVID19 Interim data show the #OxfordVaccine is 70.4 effective,â€¦",pos
RT Today marks an important milestone in the fight against #COVID19 Interim data show the #OxfordVaccine is 70.4 effectivâ€¦,pos
Looking forward to hosting and other guests this afternoon at 17.00 CET for the webinar 'The Virus the Vaccine and Violence with Opening remarks by &amp moderation by #EIPevents #CHEvents #COVID19 #vaccines,neg
Åšrednia dobowa liczba zakaÅ¼e #koronawirus.em #SARS_CoV_2 w Polsce z ostatnich 7 dni spadÅ‚a do 20 450 #COVID19 https://t.co/99yoScDquh,neu
RT Do you know any recovered #COVID19 patient There's an extreme shortage of COVID recovered blood plasma around the couâ€¦,neg
RT @_ukactive Reopening gyms and leisure facilities enables the nation to fight effectively against #COVID19 whilst also maintaining the nâ€¦,pos
"RT Today marks an important milestone in the fight against #COVID19 Interim data show the #OxfordVaccine is 70.4 effective,â€¦",pos
â€Evropa si vÅ¯bec nevzala pÅ™Ã­klad z pÅ™Ã­stupu asijskÃ½ch zemÃ­ Je nezbytn na virus zareagovat rychle siln a rozhodnÄ› A to pÅ™edevÅ¡Ã­m na zaÄÃ¡tku kdy se virus Å¡Ã­Å™ stÃ¡le velmi pomalu v rÅ¯znÃ½ch komunitÃ¡ch Pokud zareagujete poloviÄatÄ› problÃ©m se velice rychle prohloubÃ­. #COVID19,neu
#schools #ShafqatMahmood #CloseEducationalInstitions #COVID19,neu
GOOD DECISION ğŸ‘ #CloseEducationalInstitions #StayHome #schools #mondaythoughts #COVID19 #BlackFriday2020 #ShafqatMahmood #education #Pakistan,pos
RT _INDIA #CoronaVirusUpdates Media Briefing on #COVID19 by the Health Ministry will be held tomorrow 24th Nov 2020 at 3:30 pm atâ€¦,neu
RT âœŠSolidarity must be the guiding principle of post #COVID19 recovery Morning panels on social challenges &amp the #FutureOfâ€¦,pos
RT #PKPD asrama Top Glove berlaku peningkatan ketara kes positif #COVID19 di kilang tersebut hari ini Atas nasihat &amp peniâ€¦,pos
RT â€œI hope things get better soon that people can keep holding on &amp that the adults will follow all the rules [#COVID19 measuresâ€¦,pos
RT _ENV Ready to find out how we can achieve a #GreenRecovery from the #COVID19 pandemic &amp maintain #NaturalCapital ğŸŒ± Starting ğ­ğ¨ğ¦â€¦,pos
RT 25 Swedish doctors and scientists warn the world not to do #COVID19 the Swedish way,neu
ğŸ˜·ğŸ¤” #COVID19 #hopital #confinement,neu
RT _jitendra #COVID19 à¤¸ à¤¬à¤šà¤¨ à¤• à¤¯ à¤¤à¤°à¥€à¤•à¤¾.. à¤¦à¥‡ à¤• à¤¬à¤¿à¤Ÿà¤¿à¤¯ à¤°à¤¿à¤¯ à¤¨ à¤¤à¥ˆà¤¯à¤¾ à¤•à¤¿à¤¯ à¤¹à¥ˆà¥¤ â€¦,neu
OSU PROJECT TOPICS AND MATERIALS Get Complete Project Chapter 1-5 at #OSU #MondayThoughts #COVID19 #coronavirus #Education,pos
Maruti launched new accessories in the market to escape from Coronavirus See https://t.co/t7LRCU16Yu #isrgrajan #MondayMotivation #carpartitioncorona #COVID19 #marutisuzuki,pos
RT Do you know any recovered #COVID19 patient There's an extreme shortage of COVID recovered blood plasma around the couâ€¦,neg
RT So evil And he admitted the purpose of releasing #COVID19 #CCPVirus we can catch up with the #US ahead of time we canâ€¦,neg
Byddaiâ€™r rhan fwyaf o bobl yn dewis cael #brechlyn #COVID19 pan fydd ar gael er mwyn diogelu eu hunain ac eraill. Dim ond pan fydd brechlyn yn gweithio ac yn ddiogel y bydd ar gael Caiff ei roi i bobl Ã¢â€™r risg fwyaf gyntaf. Rhagor o wybodaeth ğŸ‘‡ https://t.co/54cTBibev7,pos
11/23 18:54æ™‚ç‚¹ã®éå»1é€±é–“ã®100ä¸‡äººã‚ãŸã‚Šã‚³ãƒ­ãƒŠæ„ŸæŸ“è€…æ•° 1ä½åŒ—æµ· 280.7äºº 2ä½å¤§é˜ª 244.2äºº 3ä½æ±äº¬ 199äºº 4ä½æ²–ç¸„ 159.9äºº 5ä½å…µåº« 139.7äºº 6ä½æ„›çŸ¥ 139.7äºº 7ä½ç¥å¥ˆå· 122.6äºº 8ä½åŸ¼ç‰ 96.2äºº è©³ç´°ã¯ã“ã¡ã‚‰â”https://t.co/3cXQDN9NTJ #æ–°å‹ã‚³ãƒ­ãƒŠã‚¦ã‚¤ãƒ« #COVID19,neu
RT So evil And he admitted the purpose of releasing #COVID19 #CCPVirus we can catch up with the #US ahead of time we canâ€¦,neg
RT #Oxford #COVID19 #vaccine Effective: 70.4% Storage at: 2â°-8 C https://t.co/IM1gq1tRpK,pos
RT Case #COVID19 meningkat di KL &amp Selangor tapi pub/kelab malam masih buka dah bagi amaran untuk tarik bâ€¦,neu
RT BREAKING Trials of Oxford's AstraZeneca #COVID19 vaccine shows it is up to 90 effective in preventing the virus. More on thâ€¦,pos
ğŸ“¢Lime and other industrial minerals are crucial to tackling the #COVID19 pandemic. According to the French _fr #Lime ensures the proper disinfection of sludge and biosolids from wastewaterğŸ’§for safe agriculture spreadingğŸŒ¾ #IndustrialMinerals #Lime,pos
RT The figs show that #COVID19 is low virulent So Joyce is blackmailing customers into an unnecessaryâ€¦,neu
#COVID19 #ç„¡ç—‡ #è»½ ã®äººãŒæ„ŸæŸ“æºã ã¨è¨€ã†ã“ã¨ã¯ã€æ—¥æœ¬ã§ã‚ã‹ã£ã¦ã„ãŸã®ã«â€¦ 2æœˆä¸‹æ—¬ã®æŠ¼è°·æ°ã€Œã“ã‚Œã¾ã§ã®ç ”ç©¶å ±å‘Šã‚’ã¿ã‚‹ã¨ã€ç—‡çŠ¶ãŒè»½ã„äººã‚„ã¾ã£ãŸããªã„äººãŒæ„ŸæŸ“æºã«ãªã£ã¦ã„ã‚‹ã€‚ã‚¹ãƒãƒ¼ãƒ„ã‚¸ãƒ ã§ã‚‚æ„ŸæŸ“è€…ãŒè¦‹ã¤ã‹ã£ãŸã€‚æ™®é€šã¯ä½“èª¿ã®æ‚ªã„äººã¯è¡Œã‹ãªã„ã€‚ã‹ãªã‚Šè»½ç—‡ã®äººãŒæ„ŸæŸ“ã‚’åºƒã’ã¦ã„ã‚‹ https://t.co/zLsGhMzejV,neu
RT _Conf #Ghana's economic foundations have been shaken by the #COVID19 pandemic the says But the multilateral upgradedâ€¦,pos
#kapalÄ±Ã§arÅŸ #turizm #vakÄ±flarindirim #vakÄ±flargenelmÃ¼dÃ¼rlÃ¼ÄŸ #helpusaboutrent #COVID19 #mutluhaftalar #grandbazaar #Piyasa #mahmutpaÅŸa #eminÃ¶nÃ¼ #antalya #marmaris #side #kuÅŸadas https://t.co/h5jDWLU4NF,neu
"RT Today marks an important milestone in the fight against #COVID19 Interim data show the #OxfordVaccine is 70.4 effective,â€¦",pos
RT ğŸš¨ESPAÃ‘A EN SALDOğŸš¨ ğŸ’¥Con la crisis creada por el #COVID19 decenas de empresas estÃ¡n pasando y pasarÃ¡n a manos de fondos buitrâ€¦,neu
RT #COVID19 spreads without symptoms,neu
RT I am delighted to hear that Covishield a low-cost logistically manageable &amp soon to be widely available #COVID19 vaâ€¦,pos
MinisteroSalute Ricorda di non toccare occhi naso e bocca con le mani! â—Anche senza accorgercene un gesto che ripetiamo molte volte durante la giornata ma che favorisce la diffusione di #COVID19 âœ…Prima di toccarti il viso pensaci! Pi info https://t.co/YLTcCFRPrN,neu
RT Informe de hoy (23/noviembre del #COVID19 #PuertoRico: â€¢15 muertes (12 confirmadas/3 probables) â€¢686 casos confirmadosâ€¦,neu
#COVID19 Die groÃŸe BedrÃ¤ngnis,neu
Assalamualaikum Kindly pray for my fast recovery ğŸ™ #COVID19 #isolated #quarantined,pos
siapa sangka suatu hari nanti kau hantar assignment kertasnya masih di tangan assignment tu dah hantar melalui cloudğŸ¤£ #COVID19,neu
Soner ÅŸef Corona virÃ¼s le konuÅŸuyor Mehmet ÅŸef ise stÃ¼dyo dan kovuyor helal sana bee Mehmet ÅŸef #China #Shanghai #COVID19,neu
"RT Today marks an important milestone in the fight against #COVID19 Interim data show the #OxfordVaccine is 70.4 effective,â€¦",pos
"RT Today marks an important milestone in the fight against #COVID19 Interim data show the #OxfordVaccine is 70.4 effective,â€¦",pos
RT Night curfew imposed in 4 districts of Himachal due to #COVID19 Curfew from 8pm-6am in Simla Mandi Kangra and Kullu,neg
RT #COVID19 has made remote working a staple for most of us Here are tips on how to do it effectively https://t.co/ZIBf6zF8c2â€¦,pos
"RT _vadodara Trials of Oxford's #AstraZeneca #COVID19 vaccine shows it is up to 70.4 effective,trial show Trials done on 20,000 peâ€¦",neu
Dai urliamolo Abbiamo un #governo di mentecatti e pezzenti Buffoni e soprattutto burattini #COVID19 #coronavirus #cacasotto https://t.co/BSMinRnRHx,neu
"RT #COVID19 Terkini 23 Nov Kes baharu tertinggi pernah dilaporkan iaitu 1,884 Selangor tertinggi (1,203 yang mana 1,06â€¦",neu
"RT Today marks an important milestone in the fight against #COVID19 Interim data show the #OxfordVaccine is 70.4 effective,â€¦",pos
Qui a des conseils pour rester concentr pendant les cours ??? #COVID19,neu
"RT #COVID19 Terkini 23 Nov Kes baharu tertinggi pernah dilaporkan iaitu 1,884 Selangor tertinggi (1,203 yang mana 1,06â€¦",neu
Such an important message for Chancellor on Wednesday Already stretched social care services have seen big increases in demand due to #COVID19 Sunday papers briefed extra for NHS but social care needs additional resources too we have got to stop treating these separately https://t.co/il9mY2E6iH,pos
"RT #COVID19 Terkini 23 Nov Kes baharu tertinggi pernah dilaporkan iaitu 1,884 Selangor tertinggi (1,203 yang mana 1,06â€¦",neu
"RT Today marks an important milestone in the fight against #COVID19 Interim data show the #OxfordVaccine is 70.4 effective,â€¦",pos
"RT #COVID19 Terkini 23 Nov Kes baharu tertinggi pernah dilaporkan iaitu 1,884 Selangor tertinggi (1,203 yang mana 1,06â€¦",neu
"RT #COVID19 Terkini 23 Nov Kes baharu tertinggi pernah dilaporkan iaitu 1,884 Selangor tertinggi (1,203 yang mana 1,06â€¦",neu
"RT #COVID19 Terkini 23 Nov Kes baharu tertinggi pernah dilaporkan iaitu 1,884 Selangor tertinggi (1,203 yang mana 1,06â€¦",neu
"RT #COVID19 Terkini 23 Nov Kes baharu tertinggi pernah dilaporkan iaitu 1,884 Selangor tertinggi (1,203 yang mana 1,06â€¦",neu
RT Today we announced high-level results from the AstraZeneca #COVID19 vaccine clinical trials https://t.co/eTzâ€¦,neu
RT #COVID19 Il faut Ãªtre responsable le virus ne se balade pas tout seul c'est nous qui le portons Â» DÃ©couvrez le qâ€¦,neu
"RT #COVID19 Terkini 23 Nov Kes baharu tertinggi pernah dilaporkan iaitu 1,884 Selangor tertinggi (1,203 yang mana 1,06â€¦",neu
Her gÃ¼n acaba virÃ¼se ne zaman yenik dÃ¼ÅŸeceÄŸim diye dÃ¼ÅŸÃ¼nÃ¼rken bende nasibimi aldim.. #COVID19,neu
"RT #COVID19 Terkini 23 Nov Kes baharu tertinggi pernah dilaporkan iaitu 1,884 Selangor tertinggi (1,203 yang mana 1,06â€¦",neu
"RT #COVID19 Terkini 23 Nov Kes baharu tertinggi pernah dilaporkan iaitu 1,884 Selangor tertinggi (1,203 yang mana 1,06â€¦",neu
"RT #COVID19 Terkini 23 Nov Kes baharu tertinggi pernah dilaporkan iaitu 1,884 Selangor tertinggi (1,203 yang mana 1,06â€¦",neu
Someone sent After Delhi CM Arvind Kejriwal ordered MBBS &amp dentist students to assist in COVID ICUs to meet manpower shortage ğŸ˜‚ #COVID19 #Delhi,neu
#COVID19 is real. 3 #COVID19 deaths &amp 48 new infections were recorded in #Zimbabwe in the past 24 hrs with reports that the national recovery rate is now at 85.9% 2 of the deaths were reported in #Bulawayo province while 1 was from #Masvingo,pos
"RT #COVID19 Terkini 23 Nov Kes baharu tertinggi pernah dilaporkan iaitu 1,884 Selangor tertinggi (1,203 yang mana 1,06â€¦",neu
"RT #COVID19 Terkini 23 Nov Kes baharu tertinggi pernah dilaporkan iaitu 1,884 Selangor tertinggi (1,203 yang mana 1,06â€¦",neu
"RT #COVID19 Terkini 23 Nov Kes baharu tertinggi pernah dilaporkan iaitu 1,884 Selangor tertinggi (1,203 yang mana 1,06â€¦",neu
"RT #COVID19 Terkini 23 Nov Kes baharu tertinggi pernah dilaporkan iaitu 1,884 Selangor tertinggi (1,203 yang mana 1,06â€¦",neu
"RT #COVID19 Terkini 23 Nov Kes baharu tertinggi pernah dilaporkan iaitu 1,884 Selangor tertinggi (1,203 yang mana 1,06â€¦",neu
"RT #COVID19 Terkini 23 Nov Kes baharu tertinggi pernah dilaporkan iaitu 1,884 Selangor tertinggi (1,203 yang mana 1,06â€¦",neu
"RT Today marks an important milestone in the fight against #COVID19 Interim data show the #OxfordVaccine is 70.4 effective,â€¦",pos
RT #COVID19 UPDATE All enquiries and further clarifications can be made via info .org.ng To read the officialâ€¦,neu
"RT #COVID19 Terkini 23 Nov Kes baharu tertinggi pernah dilaporkan iaitu 1,884 Selangor tertinggi (1,203 yang mana 1,06â€¦",neu
RT I am delighted to hear that Covishield a low-cost logistically manageable &amp soon to be widely available #COVID19 vaâ€¦,pos
"RT Today marks an important milestone in the fight against #COVID19 Interim data show the #OxfordVaccine is 70.4 effective,â€¦",pos
"RT #COVID19 Terkini 23 Nov Kes baharu tertinggi pernah dilaporkan iaitu 1,884 Selangor tertinggi (1,203 yang mana 1,06â€¦",neu
"RT #COVID19 Terkini 23 Nov Kes baharu tertinggi pernah dilaporkan iaitu 1,884 Selangor tertinggi (1,203 yang mana 1,06â€¦",neu
"RT #COVID19 Terkini 23 Nov Kes baharu tertinggi pernah dilaporkan iaitu 1,884 Selangor tertinggi (1,203 yang mana 1,06â€¦",neu
RT NEW #AstraZeneca said Monday that late stage trials of its #COVID19 #vaccine developed with Oxford University were â€œhighly eâ€¦,pos
"RT #COVID19 Terkini 23 Nov Kes baharu tertinggi pernah dilaporkan iaitu 1,884 Selangor tertinggi (1,203 yang mana 1,06â€¦",neu
"RT #COVID19 Terkini 23 Nov Kes baharu tertinggi pernah dilaporkan iaitu 1,884 Selangor tertinggi (1,203 yang mana 1,06â€¦",neu
has urged #Zimbabweans to venture into domestic #tourism &amp to take advantage of the recent positioning of the country as one of the top 15 post #COVID19 best holiday destinations by an American company #Zimbabwe _Zimbabwe,pos
Just going back to home.Thanks for the prayers and love May Allah save us from this invisible disease #COVID19,pos
"RT Situasi terkini 23 November 2020 #COVID19 di Malaysia Sebanyak 1,884 kes baru menjadikan jumlah keseluruhan 56,659 kes. httpâ€¦",neu
"RT Today marks an important milestone in the fight against #COVID19 Interim data show the #OxfordVaccine is 70.4 effective,â€¦",pos
RT #COVID19 wie jed(r auf den wettercams (#ORF etc sehen konnte wurde in der vergangenen tagen in den skigebieten eifrig bâ€¦,neu
